AAWt,AAMt,Sstruct,SaccW,ShbondsW,SaccM,ShbondsM,yDDG,Result,Positiontype,ProteinPropens,Positionaccept,MOSST,Functionalrelevancefunction,Clinical
D,N,L,6,N,4.7,N,0.5,T,N,0.5,0.61,-0.3,0.6,N
H,D,L,7.3,N,1.7,U,-2.3,L,I,0,1,-0.3,0.95,N
L,V,E,0,N,0.9,N,-0.4,N,P,0.9,0.47,0.6,0.35,N
E,K,A,37.1,N,41.4,U,-0.6,E,N,0.6,0.85,0.3,0.6,N
V,L,L,59.5,N,54.4,N,1,T,S,0.9,0.56,0.3,0.1,D
L,P,L,0,N,2.2,N,-6.5,L,N,0.7,0.78,-0.5,0.1,D
L,R,L,23.5,N,34.7,N,-1.1,D,I,0,1,-0.8,0.6,N
F,I,I,6.8,N,6.3,N,-0.7,E,I,0.3,0.97,-0.3,0.2,N
S,D,L,11.1,N,28.8,U,-0.7,E,N,0.5,0.91,-0.7,0.5,N
L,Q,A,93.3,N,102.6,S,0.1,N,I,0,1,-1.1,0.3,N
L,Y,L,0,N,0.2,N,-1.7,D,N,0.7,0.78,0.2,0.1,N
I,F,E,0,N,2.4,N,-0.8,E,I,0,1,-0.5,0.35,N
N,I,E,0,N,0,N,3.9,U,I,0,1,-1.1,0.5,N
R,L,B,18.3,N,29.5,N,0.8,T,N,0.5,0.85,-0.5,0.8,D
Q,F,A,6.7,N,17.7,N,-0.3,N,N,0.7,0.78,-0.5,0.5,N
A,D,E,0,N,0,N,-2.9,L,I,0.3,0.96,-0.8,0.35,N
P,T,B,61,N,93.7,N,0.3,N,N,0.1,0.76,0.7,0.2,N
T,P,L,50.8,N,23.9,N,-1.8,D,N,1,0.63,-0.3,0.25,D
Y,C,L,14.4,S,17.1,U,1.1,S,V,0.2,0.48,0.8,0.8,D
H,Q,E,74,S,82.7,S,0.5,N,S,0.9,0.76,0.3,0.1,N
V,A,A,40.3,N,39.7,N,0.2,N,N,0.6,0.87,0,0.6,D
P,L,L,78.1,N,78.6,N,-1,D,N,-0.1,0.21,0,0,N
A,E,L,18.8,N,43.1,N,-0.4,N,I,0,1,-0.9,0.1,N
P,R,L,0,N,0.1,N,-1.5,D,P,-0.1,0.64,-0.5,0.1,N
D,E,H,99.4,S,98.6,S,-0.5,N,N,-0.1,0.71,-0.1,0.2,D
F,S,E,0,N,2.3,N,-5,L,I,0,1,-0.9,0.25,D
G,S,H,25.3,N,32.4,N,-2.5,L,I,0.3,0.97,0,0.25,D
S,A,L,0,N,0,N,1.9,S,I,0,1,-1.3,0.75,D
P,L,L,21.2,N,25.6,N,0.8,T,N,0,0.83,-0.6,0.25,D
Y,D,3,7.7,N,9,U,-2,D,I,0,1,-1,0.1,D
A,I,L,18.8,N,25.9,N,0.7,T,I,0,1,-0.7,0.1,D
D,G,L,6,N,15.4,N,-1.4,D,N,0.5,0.61,-0.3,0.6,D
L,R,A,1.4,N,2,N,-3.3,L,I,0,1,-0.8,0.1,N
S,D,E,0,N,0,N,-1.3,D,S,0.7,0.25,-0.1,0,N
T,A,L,41.5,N,34.9,N,1,T,S,0.9,0.26,0.5,0,N
Y,N,L,14.4,S,20.5,U,-3.1,L,V,0.2,0.48,-0.2,0.8,D
F,I,E,1.2,N,4.4,N,-0.4,N,I,0,1,-0.3,0.1,D
K,E,A,63.3,S,98.4,S,0.7,T,I,0,1,-0.5,1,N
V,F,L,26.8,N,40.7,N,0,N,I,0,1,-1.2,0.1,D
G,R,L,0,N,3.2,N,-0.9,E,I,0,1,-0.8,0.15,N
L,R,A,9.8,N,20.3,N,-3.2,L,I,0,1,-0.8,0.1,D
S,L,L,0,N,6,N,1.6,S,I,0,1,-1,0.75,D
S,W,L,0,N,10,N,-3.3,L,I,0,1,-0.5,0.75,D
I,S,E,20.1,N,17.3,N,-3,L,N,0.2,0.59,-0.3,0.1,N
V,G,E,0.3,N,18,N,-5.2,L,I,0.3,0.95,-0.7,0.1,D
D,G,E,12.1,U,10.6,N,0.4,N,I,0.3,0.97,-0.9,0.6,D
R,P,B,18.3,N,12.9,N,-3.5,L,N,0.5,0.85,-0.8,0.8,D
L,R,E,0,N,9.3,S,-3,L,P,0.9,0.47,-0.4,0.35,D
Q,P,H,96.5,S,68,N,-8.7,L,N,0.4,0.6,-0.1,0.3,D
N,Y,L,50.3,S,35,N,0.1,N,I,0,1,-1,0.1,N
N,T,L,50.3,S,72.2,N,-2.4,L,I,0,1,-0.7,0.1,D
Q,L,A,6.7,N,25.3,N,1.2,S,N,0.7,0.78,-0.6,0.5,N
Q,H,E,44.8,U,47.1,N,-1.4,D,S,0.8,0.28,0.6,0.15,N
E,K,L,45.9,S,58.7,S,-0.1,N,V,1,0.57,0.4,0.1,D
K,R,L,75.7,S,81.1,U,0.1,N,N,0.1,0.72,0,0.1,N
