AAWt,AAMt,Sstruct,SaccW,SaccM,ShbondsM,yDDG,Result,Positiontype,ProteinPropens,Positionaccept,MOSST,Functionalrelevancefunction,Clinical
G,S,H,25.3,32.4,N,-2.5,L,I,0.3,0.97,0,0.25,D
G,R,H,25.3,56.7,U,1.2,S,I,0.3,0.97,-0.7,0.25,D
G,C,H,25.3,40.3,S,0.1,N,I,0.3,0.97,-1,0.25,D
G,A,H,25.3,15.7,N,-1.4,D,I,0.3,0.97,-0.7,0.25,N
L,V,E,13.7,10.8,N,0.2,N,S,0.1,0.25,0.2,0.35,D
L,H,E,0,16.9,N,-3.2,L,P,0.9,0.47,-0.2,0.35,N
L,P,E,0,4.9,N,-4,L,P,0.9,0.47,-0.3,0.35,D
L,V,E,0,0.9,N,-0.4,N,P,0.9,0.47,0.6,0.35,N
L,R,E,0,9.3,S,-3,L,P,0.9,0.47,-0.4,0.35,D
F,L,E,0,0,N,-0.6,E,I,0,1,-0.5,0.25,D
F,S,E,0,2.3,N,-5,L,I,0,1,-0.9,0.25,D
F,S,E,57.5,70.8,N,-1.3,D,N,0.9,0.31,0.1,0.35,N
A,P,E,0,0,N,-3.4,L,I,0.3,0.96,-1,0.35,N
A,D,E,0,0,N,-2.9,L,I,0.3,0.96,-0.8,0.35,N
A,T,E,0,0,N,-2.2,L,I,0.3,0.96,-0.4,0.35,D
I,F,E,0,2.4,N,-0.8,E,I,0,1,-0.5,0.35,N
I,N,E,0,0,N,-5.3,L,I,0,1,-1.1,0.35,N
I,T,E,0,1.8,N,-4.3,L,I,0,1,-0.8,0.35,N
I,S,E,0,5.2,N,-5,L,I,0,1,-0.9,0.35,N
I,M,E,0,0,N,-1,E,I,0,1,-1.1,0.35,N
