Algorithm,Description,fp
SAMME,10- AdaBoostClassifier,0.62
SAMME,20- AdaBoostClassifier,0.72
SAMME,50- AdaBoostClassifier,0.62
SAMME,100- AdaBoostClassifier,0.61
SAMME,150- AdaBoostClassifier,0.62
SAMME,200- AdaBoostClassifier,0.71
SAMME,250- AdaBoostClassifier,0.63
SAMME,500- AdaBoostClassifier,0.75
SAMME,750- AdaBoostClassifier,0.72
SAMME,1000- AdaBoostClassifier,0.65
SAMME,1500- AdaBoostClassifier,0.57
SAMME.R,10- AdaBoostClassifier,0.69
SAMME.R,20- AdaBoostClassifier,0.65
SAMME.R,50- AdaBoostClassifier,0.69
SAMME.R,100- AdaBoostClassifier,0.66
SAMME.R,150- AdaBoostClassifier,0.62
SAMME.R,200- AdaBoostClassifier,0.7
SAMME.R,250- AdaBoostClassifier,0.74
SAMME.R,500- AdaBoostClassifier,0.63
SAMME.R,750- AdaBoostClassifier,0.68
SAMME.R,1000- AdaBoostClassifier,0.72
SAMME.R,1500- AdaBoostClassifier,0.65
Naive Bayes,GaussianNB,0.0
Naive Bayes,BernoulliNB,0.0
SVC,linear,4.0
SVC,poly,2.0
SVC,rbf,1.0
SVC,sigmoid,4.0
RandomForestClassifier,gini - 10,0.0
RandomForestClassifier,gini - 20,0.0
RandomForestClassifier,gini - 50,0.0
RandomForestClassifier,gini - 100,0.0
RandomForestClassifier,gini - 150,0.0
RandomForestClassifier,gini - 200,0.0
RandomForestClassifier,gini - 250,0.0
RandomForestClassifier,gini - 500,0.0
RandomForestClassifier,gini - 750,0.0
RandomForestClassifier,gini - 1000,0.0
RandomForestClassifier,gini - 1500,0.0
RandomForestClassifier,entropy - 10,0.0
RandomForestClassifier,entropy - 20,0.0
RandomForestClassifier,entropy - 50,0.0
RandomForestClassifier,entropy - 100,0.0
RandomForestClassifier,entropy - 150,0.0
RandomForestClassifier,entropy - 200,0.0
RandomForestClassifier,entropy - 250,0.0
RandomForestClassifier,entropy - 500,0.0
RandomForestClassifier,entropy - 750,0.0
RandomForestClassifier,entropy - 1000,0.0
RandomForestClassifier,entropy - 1500,0.0
NuSVC,kernel: linear,1.0
NuSVC,kernel: poly,1.0
NuSVC,kernel: rbf,1.0
NuSVC,kernel: sigmoid,4.0
GradientBoostingClassifier,GradientBoostingClassifier 10,0.07
GradientBoostingClassifier,GradientBoostingClassifier 20,0.01
GradientBoostingClassifier,GradientBoostingClassifier 50,0.0
GradientBoostingClassifier,GradientBoostingClassifier 100,0.0
GradientBoostingClassifier,GradientBoostingClassifier 150,0.0
GradientBoostingClassifier,GradientBoostingClassifier 200,0.0
GradientBoostingClassifier,GradientBoostingClassifier 250,0.0
GradientBoostingClassifier,GradientBoostingClassifier 500,0.0
GradientBoostingClassifier,GradientBoostingClassifier 750,0.0
GradientBoostingClassifier,GradientBoostingClassifier 1000,0.0
GradientBoostingClassifier,GradientBoostingClassifier 1500,0.0
gini,DecisionTreeClassifier gini best,0.0
gini,DecisionTreeClassifier gini random,0.0
entropy,DecisionTreeClassifier entropy best,0.0
entropy,DecisionTreeClassifier entropy random,0.0
auto,minkowski-uniform KNN: 2,1.0
auto,minkowski-uniform KNN: 3,3.0
auto,minkowski-uniform KNN: 4,0.0
auto,euclidean-uniform KNN: 2,1.0
auto,euclidean-uniform KNN: 3,3.0
auto,euclidean-uniform KNN: 4,0.0
auto,minkowski-distance KNN: 2,2.0
auto,minkowski-distance KNN: 3,3.0
auto,minkowski-distance KNN: 4,2.0
auto,euclidean-distance KNN: 2,2.0
auto,euclidean-distance KNN: 3,3.0
auto,euclidean-distance KNN: 4,2.0
ball_tree,minkowski-uniform KNN: 2,1.0
ball_tree,minkowski-uniform KNN: 3,3.0
ball_tree,minkowski-uniform KNN: 4,0.0
ball_tree,euclidean-uniform KNN: 2,1.0
ball_tree,euclidean-uniform KNN: 3,3.0
ball_tree,euclidean-uniform KNN: 4,0.0
ball_tree,minkowski-distance KNN: 2,2.0
ball_tree,minkowski-distance KNN: 3,3.0
ball_tree,minkowski-distance KNN: 4,2.0
ball_tree,euclidean-distance KNN: 2,2.0
ball_tree,euclidean-distance KNN: 3,3.0
ball_tree,euclidean-distance KNN: 4,2.0
kd_tree,minkowski-uniform KNN: 2,1.0
kd_tree,minkowski-uniform KNN: 3,3.0
kd_tree,minkowski-uniform KNN: 4,0.0
kd_tree,euclidean-uniform KNN: 2,1.0
kd_tree,euclidean-uniform KNN: 3,3.0
kd_tree,euclidean-uniform KNN: 4,0.0
kd_tree,minkowski-distance KNN: 2,2.0
kd_tree,minkowski-distance KNN: 3,3.0
kd_tree,minkowski-distance KNN: 4,2.0
kd_tree,euclidean-distance KNN: 2,2.0
kd_tree,euclidean-distance KNN: 3,3.0
kd_tree,euclidean-distance KNN: 4,2.0
brute,minkowski-uniform KNN: 2,1.0
brute,minkowski-uniform KNN: 3,3.0
brute,minkowski-uniform KNN: 4,0.0
brute,euclidean-uniform KNN: 2,1.0
brute,euclidean-uniform KNN: 3,3.0
brute,euclidean-uniform KNN: 4,0.0
brute,minkowski-distance KNN: 2,2.0
brute,minkowski-distance KNN: 3,3.0
brute,minkowski-distance KNN: 4,2.0
brute,euclidean-distance KNN: 2,2.0
brute,euclidean-distance KNN: 3,3.0
brute,euclidean-distance KNN: 4,2.0
MLPClassifier,identity-lbfgs-constant (5-5-5),1.63
MLPClassifier,identity-lbfgs-constant (5-5-10),1.76
MLPClassifier,identity-lbfgs-constant (5-5-15),1.67
MLPClassifier,identity-lbfgs-constant (5-10-5),1.62
MLPClassifier,identity-lbfgs-constant (5-10-10),1.69
MLPClassifier,identity-lbfgs-constant (5-10-15),1.66
MLPClassifier,identity-lbfgs-constant (5-15-5),1.79
MLPClassifier,identity-lbfgs-constant (5-15-10),1.77
MLPClassifier,identity-lbfgs-constant (5-15-15),1.62
MLPClassifier,identity-lbfgs-constant (10-5-5),1.66
MLPClassifier,identity-lbfgs-constant (10-5-10),1.77
MLPClassifier,identity-lbfgs-constant (10-5-15),1.69
MLPClassifier,identity-lbfgs-constant (10-10-5),1.72
MLPClassifier,identity-lbfgs-constant (10-10-10),1.71
MLPClassifier,identity-lbfgs-constant (10-10-15),1.72
MLPClassifier,identity-lbfgs-constant (10-15-5),1.7
MLPClassifier,identity-lbfgs-constant (10-15-10),1.75
MLPClassifier,identity-lbfgs-constant (10-15-15),1.67
MLPClassifier,identity-lbfgs-constant (15-5-5),1.66
MLPClassifier,identity-lbfgs-constant (15-5-10),1.71
MLPClassifier,identity-lbfgs-constant (15-5-15),1.65
MLPClassifier,identity-lbfgs-constant (15-10-5),1.68
MLPClassifier,identity-lbfgs-constant (15-10-10),1.66
MLPClassifier,identity-lbfgs-constant (15-10-15),1.7
MLPClassifier,identity-lbfgs-constant (15-15-5),1.73
MLPClassifier,identity-lbfgs-constant (15-15-10),1.64
MLPClassifier,identity-lbfgs-constant (15-15-15),1.61
MLPClassifier,identity-lbfgs-invscaling (5-5-5),1.71
MLPClassifier,identity-lbfgs-invscaling (5-5-10),1.74
MLPClassifier,identity-lbfgs-invscaling (5-5-15),1.69
MLPClassifier,identity-lbfgs-invscaling (5-10-5),1.72
MLPClassifier,identity-lbfgs-invscaling (5-10-10),1.79
MLPClassifier,identity-lbfgs-invscaling (5-10-15),1.63
MLPClassifier,identity-lbfgs-invscaling (5-15-5),1.76
MLPClassifier,identity-lbfgs-invscaling (5-15-10),1.75
MLPClassifier,identity-lbfgs-invscaling (5-15-15),1.71
MLPClassifier,identity-lbfgs-invscaling (10-5-5),1.7
MLPClassifier,identity-lbfgs-invscaling (10-5-10),1.74
MLPClassifier,identity-lbfgs-invscaling (10-5-15),1.72
MLPClassifier,identity-lbfgs-invscaling (10-10-5),1.64
MLPClassifier,identity-lbfgs-invscaling (10-10-10),1.73
MLPClassifier,identity-lbfgs-invscaling (10-10-15),1.64
MLPClassifier,identity-lbfgs-invscaling (10-15-5),1.68
MLPClassifier,identity-lbfgs-invscaling (10-15-10),1.73
MLPClassifier,identity-lbfgs-invscaling (10-15-15),1.66
MLPClassifier,identity-lbfgs-invscaling (15-5-5),1.69
MLPClassifier,identity-lbfgs-invscaling (15-5-10),1.67
MLPClassifier,identity-lbfgs-invscaling (15-5-15),1.69
MLPClassifier,identity-lbfgs-invscaling (15-10-5),1.68
MLPClassifier,identity-lbfgs-invscaling (15-10-10),1.68
MLPClassifier,identity-lbfgs-invscaling (15-10-15),1.74
MLPClassifier,identity-lbfgs-invscaling (15-15-5),1.67
MLPClassifier,identity-lbfgs-invscaling (15-15-10),1.69
MLPClassifier,identity-lbfgs-invscaling (15-15-15),1.74
MLPClassifier,identity-lbfgs-adaptive (5-5-5),1.75
MLPClassifier,identity-lbfgs-adaptive (5-5-10),1.69
MLPClassifier,identity-lbfgs-adaptive (5-5-15),1.7
MLPClassifier,identity-lbfgs-adaptive (5-10-5),1.78
MLPClassifier,identity-lbfgs-adaptive (5-10-10),1.75
MLPClassifier,identity-lbfgs-adaptive (5-10-15),1.65
MLPClassifier,identity-lbfgs-adaptive (5-15-5),1.71
MLPClassifier,identity-lbfgs-adaptive (5-15-10),1.67
MLPClassifier,identity-lbfgs-adaptive (5-15-15),1.67
MLPClassifier,identity-lbfgs-adaptive (10-5-5),1.7
MLPClassifier,identity-lbfgs-adaptive (10-5-10),1.72
MLPClassifier,identity-lbfgs-adaptive (10-5-15),1.68
MLPClassifier,identity-lbfgs-adaptive (10-10-5),1.69
MLPClassifier,identity-lbfgs-adaptive (10-10-10),1.75
MLPClassifier,identity-lbfgs-adaptive (10-10-15),1.61
MLPClassifier,identity-lbfgs-adaptive (10-15-5),1.71
MLPClassifier,identity-lbfgs-adaptive (10-15-10),1.7
MLPClassifier,identity-lbfgs-adaptive (10-15-15),1.7
MLPClassifier,identity-lbfgs-adaptive (15-5-5),1.74
MLPClassifier,identity-lbfgs-adaptive (15-5-10),1.66
MLPClassifier,identity-lbfgs-adaptive (15-5-15),1.78
MLPClassifier,identity-lbfgs-adaptive (15-10-5),1.68
MLPClassifier,identity-lbfgs-adaptive (15-10-10),1.73
MLPClassifier,identity-lbfgs-adaptive (15-10-15),1.71
MLPClassifier,identity-lbfgs-adaptive (15-15-5),1.75
MLPClassifier,identity-lbfgs-adaptive (15-15-10),1.66
MLPClassifier,identity-lbfgs-adaptive (15-15-15),1.69
MLPClassifier,identity-sgd-constant (5-5-5),3.9
MLPClassifier,identity-sgd-constant (5-5-10),3.89
MLPClassifier,identity-sgd-constant (5-5-15),3.92
MLPClassifier,identity-sgd-constant (5-10-5),3.93
MLPClassifier,identity-sgd-constant (5-10-10),3.91
MLPClassifier,identity-sgd-constant (5-10-15),3.96
MLPClassifier,identity-sgd-constant (5-15-5),3.89
MLPClassifier,identity-sgd-constant (5-15-10),3.93
MLPClassifier,identity-sgd-constant (5-15-15),3.89
MLPClassifier,identity-sgd-constant (10-5-5),3.84
MLPClassifier,identity-sgd-constant (10-5-10),3.94
MLPClassifier,identity-sgd-constant (10-5-15),3.89
MLPClassifier,identity-sgd-constant (10-10-5),3.84
MLPClassifier,identity-sgd-constant (10-10-10),3.93
MLPClassifier,identity-sgd-constant (10-10-15),3.89
MLPClassifier,identity-sgd-constant (10-15-5),3.85
MLPClassifier,identity-sgd-constant (10-15-10),3.8
MLPClassifier,identity-sgd-constant (10-15-15),3.88
MLPClassifier,identity-sgd-constant (15-5-5),3.85
MLPClassifier,identity-sgd-constant (15-5-10),3.9
MLPClassifier,identity-sgd-constant (15-5-15),3.96
MLPClassifier,identity-sgd-constant (15-10-5),3.79
MLPClassifier,identity-sgd-constant (15-10-10),3.81
MLPClassifier,identity-sgd-constant (15-10-15),3.86
MLPClassifier,identity-sgd-constant (15-15-5),3.68
MLPClassifier,identity-sgd-constant (15-15-10),3.79
MLPClassifier,identity-sgd-constant (15-15-15),3.88
MLPClassifier,identity-sgd-invscaling (5-5-5),1.91
MLPClassifier,identity-sgd-invscaling (5-5-10),2.18
MLPClassifier,identity-sgd-invscaling (5-5-15),2.13
MLPClassifier,identity-sgd-invscaling (5-10-5),2.2
MLPClassifier,identity-sgd-invscaling (5-10-10),2.09
MLPClassifier,identity-sgd-invscaling (5-10-15),2.17
MLPClassifier,identity-sgd-invscaling (5-15-5),2.08
MLPClassifier,identity-sgd-invscaling (5-15-10),2.17
MLPClassifier,identity-sgd-invscaling (5-15-15),2.04
MLPClassifier,identity-sgd-invscaling (10-5-5),2.23
MLPClassifier,identity-sgd-invscaling (10-5-10),2.08
MLPClassifier,identity-sgd-invscaling (10-5-15),2.23
MLPClassifier,identity-sgd-invscaling (10-10-5),2.15
MLPClassifier,identity-sgd-invscaling (10-10-10),2.24
MLPClassifier,identity-sgd-invscaling (10-10-15),2.19
MLPClassifier,identity-sgd-invscaling (10-15-5),2.22
MLPClassifier,identity-sgd-invscaling (10-15-10),1.98
MLPClassifier,identity-sgd-invscaling (10-15-15),2.19
MLPClassifier,identity-sgd-invscaling (15-5-5),2.21
MLPClassifier,identity-sgd-invscaling (15-5-10),2.04
MLPClassifier,identity-sgd-invscaling (15-5-15),1.98
MLPClassifier,identity-sgd-invscaling (15-10-5),1.82
MLPClassifier,identity-sgd-invscaling (15-10-10),2.2
MLPClassifier,identity-sgd-invscaling (15-10-15),2.4
MLPClassifier,identity-sgd-invscaling (15-15-5),2.33
MLPClassifier,identity-sgd-invscaling (15-15-10),2.35
MLPClassifier,identity-sgd-invscaling (15-15-15),2.17
MLPClassifier,identity-sgd-adaptive (5-5-5),3.85
MLPClassifier,identity-sgd-adaptive (5-5-10),3.97
MLPClassifier,identity-sgd-adaptive (5-5-15),3.96
MLPClassifier,identity-sgd-adaptive (5-10-5),3.89
MLPClassifier,identity-sgd-adaptive (5-10-10),3.9
MLPClassifier,identity-sgd-adaptive (5-10-15),3.9
MLPClassifier,identity-sgd-adaptive (5-15-5),3.86
MLPClassifier,identity-sgd-adaptive (5-15-10),3.89
MLPClassifier,identity-sgd-adaptive (5-15-15),3.92
MLPClassifier,identity-sgd-adaptive (10-5-5),3.88
MLPClassifier,identity-sgd-adaptive (10-5-10),3.87
MLPClassifier,identity-sgd-adaptive (10-5-15),3.92
MLPClassifier,identity-sgd-adaptive (10-10-5),3.83
MLPClassifier,identity-sgd-adaptive (10-10-10),3.78
MLPClassifier,identity-sgd-adaptive (10-10-15),3.91
MLPClassifier,identity-sgd-adaptive (10-15-5),3.8
MLPClassifier,identity-sgd-adaptive (10-15-10),3.83
MLPClassifier,identity-sgd-adaptive (10-15-15),3.86
MLPClassifier,identity-sgd-adaptive (15-5-5),3.88
MLPClassifier,identity-sgd-adaptive (15-5-10),3.92
MLPClassifier,identity-sgd-adaptive (15-5-15),3.96
MLPClassifier,identity-sgd-adaptive (15-10-5),3.75
MLPClassifier,identity-sgd-adaptive (15-10-10),3.83
MLPClassifier,identity-sgd-adaptive (15-10-15),3.83
MLPClassifier,identity-sgd-adaptive (15-15-5),3.71
MLPClassifier,identity-sgd-adaptive (15-15-10),3.79
MLPClassifier,identity-sgd-adaptive (15-15-15),3.82
MLPClassifier,identity-adam-constant (5-5-5),1.95
MLPClassifier,identity-adam-constant (5-5-10),1.6
MLPClassifier,identity-adam-constant (5-5-15),1.39
MLPClassifier,identity-adam-constant (5-10-5),1.5
MLPClassifier,identity-adam-constant (5-10-10),1.26
MLPClassifier,identity-adam-constant (5-10-15),1.39
MLPClassifier,identity-adam-constant (5-15-5),1.31
MLPClassifier,identity-adam-constant (5-15-10),1.25
MLPClassifier,identity-adam-constant (5-15-15),1.51
MLPClassifier,identity-adam-constant (10-5-5),1.35
MLPClassifier,identity-adam-constant (10-5-10),1.23
MLPClassifier,identity-adam-constant (10-5-15),1.04
MLPClassifier,identity-adam-constant (10-10-5),1.09
MLPClassifier,identity-adam-constant (10-10-10),1.06
MLPClassifier,identity-adam-constant (10-10-15),1.11
MLPClassifier,identity-adam-constant (10-15-5),1.1
MLPClassifier,identity-adam-constant (10-15-10),1.12
MLPClassifier,identity-adam-constant (10-15-15),1.28
MLPClassifier,identity-adam-constant (15-5-5),1.11
MLPClassifier,identity-adam-constant (15-5-10),1.1
MLPClassifier,identity-adam-constant (15-5-15),1.03
MLPClassifier,identity-adam-constant (15-10-5),1.03
MLPClassifier,identity-adam-constant (15-10-10),1.05
MLPClassifier,identity-adam-constant (15-10-15),1.1
MLPClassifier,identity-adam-constant (15-15-5),1.09
MLPClassifier,identity-adam-constant (15-15-10),1.12
MLPClassifier,identity-adam-constant (15-15-15),1.18
MLPClassifier,identity-adam-invscaling (5-5-5),1.86
MLPClassifier,identity-adam-invscaling (5-5-10),1.56
MLPClassifier,identity-adam-invscaling (5-5-15),1.44
MLPClassifier,identity-adam-invscaling (5-10-5),1.44
MLPClassifier,identity-adam-invscaling (5-10-10),1.43
MLPClassifier,identity-adam-invscaling (5-10-15),1.3
MLPClassifier,identity-adam-invscaling (5-15-5),1.25
MLPClassifier,identity-adam-invscaling (5-15-10),1.32
MLPClassifier,identity-adam-invscaling (5-15-15),1.37
MLPClassifier,identity-adam-invscaling (10-5-5),1.37
MLPClassifier,identity-adam-invscaling (10-5-10),1.18
MLPClassifier,identity-adam-invscaling (10-5-15),1.04
MLPClassifier,identity-adam-invscaling (10-10-5),1.1
MLPClassifier,identity-adam-invscaling (10-10-10),1.08
MLPClassifier,identity-adam-invscaling (10-10-15),1.21
MLPClassifier,identity-adam-invscaling (10-15-5),1.05
MLPClassifier,identity-adam-invscaling (10-15-10),1.16
MLPClassifier,identity-adam-invscaling (10-15-15),1.23
MLPClassifier,identity-adam-invscaling (15-5-5),1.26
MLPClassifier,identity-adam-invscaling (15-5-10),1.04
MLPClassifier,identity-adam-invscaling (15-5-15),1.06
MLPClassifier,identity-adam-invscaling (15-10-5),1.04
MLPClassifier,identity-adam-invscaling (15-10-10),1.05
MLPClassifier,identity-adam-invscaling (15-10-15),1.08
MLPClassifier,identity-adam-invscaling (15-15-5),1.09
MLPClassifier,identity-adam-invscaling (15-15-10),1.12
MLPClassifier,identity-adam-invscaling (15-15-15),1.12
MLPClassifier,identity-adam-adaptive (5-5-5),1.79
MLPClassifier,identity-adam-adaptive (5-5-10),1.62
MLPClassifier,identity-adam-adaptive (5-5-15),1.34
MLPClassifier,identity-adam-adaptive (5-10-5),1.51
MLPClassifier,identity-adam-adaptive (5-10-10),1.37
MLPClassifier,identity-adam-adaptive (5-10-15),1.26
MLPClassifier,identity-adam-adaptive (5-15-5),1.27
MLPClassifier,identity-adam-adaptive (5-15-10),1.35
MLPClassifier,identity-adam-adaptive (5-15-15),1.39
MLPClassifier,identity-adam-adaptive (10-5-5),1.22
MLPClassifier,identity-adam-adaptive (10-5-10),1.18
MLPClassifier,identity-adam-adaptive (10-5-15),1.14
MLPClassifier,identity-adam-adaptive (10-10-5),1.15
MLPClassifier,identity-adam-adaptive (10-10-10),1.13
MLPClassifier,identity-adam-adaptive (10-10-15),1.11
MLPClassifier,identity-adam-adaptive (10-15-5),1.11
MLPClassifier,identity-adam-adaptive (10-15-10),1.06
MLPClassifier,identity-adam-adaptive (10-15-15),1.2
MLPClassifier,identity-adam-adaptive (15-5-5),1.2
MLPClassifier,identity-adam-adaptive (15-5-10),1.05
MLPClassifier,identity-adam-adaptive (15-5-15),1.06
MLPClassifier,identity-adam-adaptive (15-10-5),1.03
MLPClassifier,identity-adam-adaptive (15-10-10),1.03
MLPClassifier,identity-adam-adaptive (15-10-15),1.09
MLPClassifier,identity-adam-adaptive (15-15-5),1.1
MLPClassifier,identity-adam-adaptive (15-15-10),1.07
MLPClassifier,identity-adam-adaptive (15-15-15),1.18
MLPClassifier,logistic-lbfgs-constant (5-5-5),3.04
MLPClassifier,logistic-lbfgs-constant (5-5-10),3.33
MLPClassifier,logistic-lbfgs-constant (5-5-15),3.59
MLPClassifier,logistic-lbfgs-constant (5-10-5),2.92
MLPClassifier,logistic-lbfgs-constant (5-10-10),3.19
MLPClassifier,logistic-lbfgs-constant (5-10-15),3.33
MLPClassifier,logistic-lbfgs-constant (5-15-5),3.33
MLPClassifier,logistic-lbfgs-constant (5-15-10),3.33
MLPClassifier,logistic-lbfgs-constant (5-15-15),3.48
MLPClassifier,logistic-lbfgs-constant (10-5-5),3.06
MLPClassifier,logistic-lbfgs-constant (10-5-10),3.34
MLPClassifier,logistic-lbfgs-constant (10-5-15),3.51
MLPClassifier,logistic-lbfgs-constant (10-10-5),3.07
MLPClassifier,logistic-lbfgs-constant (10-10-10),3.15
MLPClassifier,logistic-lbfgs-constant (10-10-15),3.26
MLPClassifier,logistic-lbfgs-constant (10-15-5),3.12
MLPClassifier,logistic-lbfgs-constant (10-15-10),3.04
MLPClassifier,logistic-lbfgs-constant (10-15-15),3.28
MLPClassifier,logistic-lbfgs-constant (15-5-5),3.04
MLPClassifier,logistic-lbfgs-constant (15-5-10),3.41
MLPClassifier,logistic-lbfgs-constant (15-5-15),3.63
MLPClassifier,logistic-lbfgs-constant (15-10-5),2.97
MLPClassifier,logistic-lbfgs-constant (15-10-10),3.15
MLPClassifier,logistic-lbfgs-constant (15-10-15),3.3
MLPClassifier,logistic-lbfgs-constant (15-15-5),2.98
MLPClassifier,logistic-lbfgs-constant (15-15-10),3.1
MLPClassifier,logistic-lbfgs-constant (15-15-15),3.26
MLPClassifier,logistic-lbfgs-invscaling (5-5-5),3.08
MLPClassifier,logistic-lbfgs-invscaling (5-5-10),3.4
MLPClassifier,logistic-lbfgs-invscaling (5-5-15),3.48
MLPClassifier,logistic-lbfgs-invscaling (5-10-5),3.05
MLPClassifier,logistic-lbfgs-invscaling (5-10-10),3.17
MLPClassifier,logistic-lbfgs-invscaling (5-10-15),3.41
MLPClassifier,logistic-lbfgs-invscaling (5-15-5),3.25
MLPClassifier,logistic-lbfgs-invscaling (5-15-10),3.36
MLPClassifier,logistic-lbfgs-invscaling (5-15-15),3.33
MLPClassifier,logistic-lbfgs-invscaling (10-5-5),2.87
MLPClassifier,logistic-lbfgs-invscaling (10-5-10),3.35
MLPClassifier,logistic-lbfgs-invscaling (10-5-15),3.53
MLPClassifier,logistic-lbfgs-invscaling (10-10-5),2.98
MLPClassifier,logistic-lbfgs-invscaling (10-10-10),3.05
MLPClassifier,logistic-lbfgs-invscaling (10-10-15),3.3
MLPClassifier,logistic-lbfgs-invscaling (10-15-5),3.14
MLPClassifier,logistic-lbfgs-invscaling (10-15-10),3.11
MLPClassifier,logistic-lbfgs-invscaling (10-15-15),3.38
MLPClassifier,logistic-lbfgs-invscaling (15-5-5),3.04
MLPClassifier,logistic-lbfgs-invscaling (15-5-10),3.45
MLPClassifier,logistic-lbfgs-invscaling (15-5-15),3.65
MLPClassifier,logistic-lbfgs-invscaling (15-10-5),3.07
MLPClassifier,logistic-lbfgs-invscaling (15-10-10),3.17
MLPClassifier,logistic-lbfgs-invscaling (15-10-15),3.36
MLPClassifier,logistic-lbfgs-invscaling (15-15-5),3.09
MLPClassifier,logistic-lbfgs-invscaling (15-15-10),3.09
MLPClassifier,logistic-lbfgs-invscaling (15-15-15),3.2
MLPClassifier,logistic-lbfgs-adaptive (5-5-5),3.08
MLPClassifier,logistic-lbfgs-adaptive (5-5-10),3.37
MLPClassifier,logistic-lbfgs-adaptive (5-5-15),3.49
MLPClassifier,logistic-lbfgs-adaptive (5-10-5),3.23
MLPClassifier,logistic-lbfgs-adaptive (5-10-10),3.18
MLPClassifier,logistic-lbfgs-adaptive (5-10-15),3.34
MLPClassifier,logistic-lbfgs-adaptive (5-15-5),3.2
MLPClassifier,logistic-lbfgs-adaptive (5-15-10),3.38
MLPClassifier,logistic-lbfgs-adaptive (5-15-15),3.47
MLPClassifier,logistic-lbfgs-adaptive (10-5-5),2.95
MLPClassifier,logistic-lbfgs-adaptive (10-5-10),3.22
MLPClassifier,logistic-lbfgs-adaptive (10-5-15),3.62
MLPClassifier,logistic-lbfgs-adaptive (10-10-5),2.86
MLPClassifier,logistic-lbfgs-adaptive (10-10-10),3.17
MLPClassifier,logistic-lbfgs-adaptive (10-10-15),3.34
MLPClassifier,logistic-lbfgs-adaptive (10-15-5),3.14
MLPClassifier,logistic-lbfgs-adaptive (10-15-10),3.17
MLPClassifier,logistic-lbfgs-adaptive (10-15-15),3.25
MLPClassifier,logistic-lbfgs-adaptive (15-5-5),3.07
MLPClassifier,logistic-lbfgs-adaptive (15-5-10),3.33
MLPClassifier,logistic-lbfgs-adaptive (15-5-15),3.69
MLPClassifier,logistic-lbfgs-adaptive (15-10-5),2.9
MLPClassifier,logistic-lbfgs-adaptive (15-10-10),3.23
MLPClassifier,logistic-lbfgs-adaptive (15-10-15),3.33
MLPClassifier,logistic-lbfgs-adaptive (15-15-5),3.1
MLPClassifier,logistic-lbfgs-adaptive (15-15-10),3.18
MLPClassifier,logistic-lbfgs-adaptive (15-15-15),3.23
MLPClassifier,logistic-sgd-constant (5-5-5),3.22
MLPClassifier,logistic-sgd-constant (5-5-10),3.77
MLPClassifier,logistic-sgd-constant (5-5-15),3.96
MLPClassifier,logistic-sgd-constant (5-10-5),3.29
MLPClassifier,logistic-sgd-constant (5-10-10),3.71
MLPClassifier,logistic-sgd-constant (5-10-15),3.93
MLPClassifier,logistic-sgd-constant (5-15-5),3.29
MLPClassifier,logistic-sgd-constant (5-15-10),3.77
MLPClassifier,logistic-sgd-constant (5-15-15),3.95
MLPClassifier,logistic-sgd-constant (10-5-5),3.03
MLPClassifier,logistic-sgd-constant (10-5-10),3.84
MLPClassifier,logistic-sgd-constant (10-5-15),3.92
MLPClassifier,logistic-sgd-constant (10-10-5),3.12
MLPClassifier,logistic-sgd-constant (10-10-10),3.75
MLPClassifier,logistic-sgd-constant (10-10-15),3.94
MLPClassifier,logistic-sgd-constant (10-15-5),3.19
MLPClassifier,logistic-sgd-constant (10-15-10),3.73
MLPClassifier,logistic-sgd-constant (10-15-15),3.95
MLPClassifier,logistic-sgd-constant (15-5-5),3.04
MLPClassifier,logistic-sgd-constant (15-5-10),3.77
MLPClassifier,logistic-sgd-constant (15-5-15),3.91
MLPClassifier,logistic-sgd-constant (15-10-5),3.07
MLPClassifier,logistic-sgd-constant (15-10-10),3.86
MLPClassifier,logistic-sgd-constant (15-10-15),3.88
MLPClassifier,logistic-sgd-constant (15-15-5),3.14
MLPClassifier,logistic-sgd-constant (15-15-10),3.84
MLPClassifier,logistic-sgd-constant (15-15-15),3.97
MLPClassifier,logistic-sgd-invscaling (5-5-5),1.89
MLPClassifier,logistic-sgd-invscaling (5-5-10),2.05
MLPClassifier,logistic-sgd-invscaling (5-5-15),2.1
MLPClassifier,logistic-sgd-invscaling (5-10-5),1.97
MLPClassifier,logistic-sgd-invscaling (5-10-10),1.98
MLPClassifier,logistic-sgd-invscaling (5-10-15),1.77
MLPClassifier,logistic-sgd-invscaling (5-15-5),2.12
MLPClassifier,logistic-sgd-invscaling (5-15-10),2.02
MLPClassifier,logistic-sgd-invscaling (5-15-15),2.05
MLPClassifier,logistic-sgd-invscaling (10-5-5),2.02
MLPClassifier,logistic-sgd-invscaling (10-5-10),1.87
MLPClassifier,logistic-sgd-invscaling (10-5-15),1.92
MLPClassifier,logistic-sgd-invscaling (10-10-5),2.05
MLPClassifier,logistic-sgd-invscaling (10-10-10),1.87
MLPClassifier,logistic-sgd-invscaling (10-10-15),1.62
MLPClassifier,logistic-sgd-invscaling (10-15-5),1.83
MLPClassifier,logistic-sgd-invscaling (10-15-10),2.19
MLPClassifier,logistic-sgd-invscaling (10-15-15),1.97
MLPClassifier,logistic-sgd-invscaling (15-5-5),1.81
MLPClassifier,logistic-sgd-invscaling (15-5-10),1.96
MLPClassifier,logistic-sgd-invscaling (15-5-15),2.05
MLPClassifier,logistic-sgd-invscaling (15-10-5),2.1
MLPClassifier,logistic-sgd-invscaling (15-10-10),2.22
MLPClassifier,logistic-sgd-invscaling (15-10-15),1.92
MLPClassifier,logistic-sgd-invscaling (15-15-5),1.98
MLPClassifier,logistic-sgd-invscaling (15-15-10),1.91
MLPClassifier,logistic-sgd-invscaling (15-15-15),2.04
MLPClassifier,logistic-sgd-adaptive (5-5-5),3.14
MLPClassifier,logistic-sgd-adaptive (5-5-10),3.76
MLPClassifier,logistic-sgd-adaptive (5-5-15),3.98
MLPClassifier,logistic-sgd-adaptive (5-10-5),3.08
MLPClassifier,logistic-sgd-adaptive (5-10-10),3.81
MLPClassifier,logistic-sgd-adaptive (5-10-15),3.99
MLPClassifier,logistic-sgd-adaptive (5-15-5),3.22
MLPClassifier,logistic-sgd-adaptive (5-15-10),3.81
MLPClassifier,logistic-sgd-adaptive (5-15-15),3.96
MLPClassifier,logistic-sgd-adaptive (10-5-5),3.19
MLPClassifier,logistic-sgd-adaptive (10-5-10),3.79
MLPClassifier,logistic-sgd-adaptive (10-5-15),3.96
MLPClassifier,logistic-sgd-adaptive (10-10-5),3.08
MLPClassifier,logistic-sgd-adaptive (10-10-10),3.8
MLPClassifier,logistic-sgd-adaptive (10-10-15),3.96
MLPClassifier,logistic-sgd-adaptive (10-15-5),3.09
MLPClassifier,logistic-sgd-adaptive (10-15-10),3.71
MLPClassifier,logistic-sgd-adaptive (10-15-15),3.99
MLPClassifier,logistic-sgd-adaptive (15-5-5),3.18
MLPClassifier,logistic-sgd-adaptive (15-5-10),3.86
MLPClassifier,logistic-sgd-adaptive (15-5-15),3.97
MLPClassifier,logistic-sgd-adaptive (15-10-5),3.3
MLPClassifier,logistic-sgd-adaptive (15-10-10),3.82
MLPClassifier,logistic-sgd-adaptive (15-10-15),3.99
MLPClassifier,logistic-sgd-adaptive (15-15-5),3.1
MLPClassifier,logistic-sgd-adaptive (15-15-10),3.76
MLPClassifier,logistic-sgd-adaptive (15-15-15),3.96
MLPClassifier,logistic-adam-constant (5-5-5),3.68
MLPClassifier,logistic-adam-constant (5-5-10),3.98
MLPClassifier,logistic-adam-constant (5-5-15),4.0
MLPClassifier,logistic-adam-constant (5-10-5),3.81
MLPClassifier,logistic-adam-constant (5-10-10),3.99
MLPClassifier,logistic-adam-constant (5-10-15),4.0
MLPClassifier,logistic-adam-constant (5-15-5),3.81
MLPClassifier,logistic-adam-constant (5-15-10),4.0
MLPClassifier,logistic-adam-constant (5-15-15),4.0
MLPClassifier,logistic-adam-constant (10-5-5),3.8
MLPClassifier,logistic-adam-constant (10-5-10),3.96
MLPClassifier,logistic-adam-constant (10-5-15),4.0
MLPClassifier,logistic-adam-constant (10-10-5),3.8
MLPClassifier,logistic-adam-constant (10-10-10),3.99
MLPClassifier,logistic-adam-constant (10-10-15),4.0
MLPClassifier,logistic-adam-constant (10-15-5),3.85
MLPClassifier,logistic-adam-constant (10-15-10),4.0
MLPClassifier,logistic-adam-constant (10-15-15),4.0
MLPClassifier,logistic-adam-constant (15-5-5),3.72
MLPClassifier,logistic-adam-constant (15-5-10),3.98
MLPClassifier,logistic-adam-constant (15-5-15),4.0
MLPClassifier,logistic-adam-constant (15-10-5),3.9
MLPClassifier,logistic-adam-constant (15-10-10),4.0
MLPClassifier,logistic-adam-constant (15-10-15),4.0
MLPClassifier,logistic-adam-constant (15-15-5),3.89
MLPClassifier,logistic-adam-constant (15-15-10),4.0
MLPClassifier,logistic-adam-constant (15-15-15),4.0
MLPClassifier,logistic-adam-invscaling (5-5-5),3.72
MLPClassifier,logistic-adam-invscaling (5-5-10),3.95
MLPClassifier,logistic-adam-invscaling (5-5-15),3.99
MLPClassifier,logistic-adam-invscaling (5-10-5),3.75
MLPClassifier,logistic-adam-invscaling (5-10-10),3.98
MLPClassifier,logistic-adam-invscaling (5-10-15),4.0
MLPClassifier,logistic-adam-invscaling (5-15-5),3.79
MLPClassifier,logistic-adam-invscaling (5-15-10),4.0
MLPClassifier,logistic-adam-invscaling (5-15-15),4.0
MLPClassifier,logistic-adam-invscaling (10-5-5),3.7
MLPClassifier,logistic-adam-invscaling (10-5-10),4.0
MLPClassifier,logistic-adam-invscaling (10-5-15),4.0
MLPClassifier,logistic-adam-invscaling (10-10-5),3.83
MLPClassifier,logistic-adam-invscaling (10-10-10),3.99
MLPClassifier,logistic-adam-invscaling (10-10-15),4.0
MLPClassifier,logistic-adam-invscaling (10-15-5),3.86
MLPClassifier,logistic-adam-invscaling (10-15-10),4.0
MLPClassifier,logistic-adam-invscaling (10-15-15),4.0
MLPClassifier,logistic-adam-invscaling (15-5-5),3.63
MLPClassifier,logistic-adam-invscaling (15-5-10),3.97
MLPClassifier,logistic-adam-invscaling (15-5-15),4.0
MLPClassifier,logistic-adam-invscaling (15-10-5),3.84
MLPClassifier,logistic-adam-invscaling (15-10-10),3.98
MLPClassifier,logistic-adam-invscaling (15-10-15),3.99
MLPClassifier,logistic-adam-invscaling (15-15-5),3.89
MLPClassifier,logistic-adam-invscaling (15-15-10),4.0
MLPClassifier,logistic-adam-invscaling (15-15-15),4.0
MLPClassifier,logistic-adam-adaptive (5-5-5),3.65
MLPClassifier,logistic-adam-adaptive (5-5-10),4.0
MLPClassifier,logistic-adam-adaptive (5-5-15),3.99
MLPClassifier,logistic-adam-adaptive (5-10-5),3.79
MLPClassifier,logistic-adam-adaptive (5-10-10),4.0
MLPClassifier,logistic-adam-adaptive (5-10-15),4.0
MLPClassifier,logistic-adam-adaptive (5-15-5),3.83
MLPClassifier,logistic-adam-adaptive (5-15-10),4.0
MLPClassifier,logistic-adam-adaptive (5-15-15),4.0
MLPClassifier,logistic-adam-adaptive (10-5-5),3.76
MLPClassifier,logistic-adam-adaptive (10-5-10),3.97
MLPClassifier,logistic-adam-adaptive (10-5-15),4.0
MLPClassifier,logistic-adam-adaptive (10-10-5),3.85
MLPClassifier,logistic-adam-adaptive (10-10-10),3.99
MLPClassifier,logistic-adam-adaptive (10-10-15),4.0
MLPClassifier,logistic-adam-adaptive (10-15-5),3.91
MLPClassifier,logistic-adam-adaptive (10-15-10),4.0
MLPClassifier,logistic-adam-adaptive (10-15-15),4.0
MLPClassifier,logistic-adam-adaptive (15-5-5),3.79
MLPClassifier,logistic-adam-adaptive (15-5-10),3.99
MLPClassifier,logistic-adam-adaptive (15-5-15),4.0
MLPClassifier,logistic-adam-adaptive (15-10-5),3.81
MLPClassifier,logistic-adam-adaptive (15-10-10),3.99
MLPClassifier,logistic-adam-adaptive (15-10-15),4.0
MLPClassifier,logistic-adam-adaptive (15-15-5),3.88
MLPClassifier,logistic-adam-adaptive (15-15-10),4.0
MLPClassifier,logistic-adam-adaptive (15-15-15),4.0
MLPClassifier,tanh-lbfgs-constant (5-5-5),1.5
MLPClassifier,tanh-lbfgs-constant (5-5-10),1.5
MLPClassifier,tanh-lbfgs-constant (5-5-15),1.58
MLPClassifier,tanh-lbfgs-constant (5-10-5),1.45
MLPClassifier,tanh-lbfgs-constant (5-10-10),1.57
MLPClassifier,tanh-lbfgs-constant (5-10-15),1.64
MLPClassifier,tanh-lbfgs-constant (5-15-5),1.59
MLPClassifier,tanh-lbfgs-constant (5-15-10),1.64
MLPClassifier,tanh-lbfgs-constant (5-15-15),1.57
MLPClassifier,tanh-lbfgs-constant (10-5-5),1.63
MLPClassifier,tanh-lbfgs-constant (10-5-10),1.58
MLPClassifier,tanh-lbfgs-constant (10-5-15),1.58
MLPClassifier,tanh-lbfgs-constant (10-10-5),1.52
MLPClassifier,tanh-lbfgs-constant (10-10-10),1.56
MLPClassifier,tanh-lbfgs-constant (10-10-15),1.59
MLPClassifier,tanh-lbfgs-constant (10-15-5),1.6
MLPClassifier,tanh-lbfgs-constant (10-15-10),1.61
MLPClassifier,tanh-lbfgs-constant (10-15-15),1.54
MLPClassifier,tanh-lbfgs-constant (15-5-5),1.5
MLPClassifier,tanh-lbfgs-constant (15-5-10),1.5
MLPClassifier,tanh-lbfgs-constant (15-5-15),1.51
MLPClassifier,tanh-lbfgs-constant (15-10-5),1.46
MLPClassifier,tanh-lbfgs-constant (15-10-10),1.5
MLPClassifier,tanh-lbfgs-constant (15-10-15),1.61
MLPClassifier,tanh-lbfgs-constant (15-15-5),1.37
MLPClassifier,tanh-lbfgs-constant (15-15-10),1.58
MLPClassifier,tanh-lbfgs-constant (15-15-15),1.68
MLPClassifier,tanh-lbfgs-invscaling (5-5-5),1.5
MLPClassifier,tanh-lbfgs-invscaling (5-5-10),1.61
MLPClassifier,tanh-lbfgs-invscaling (5-5-15),1.62
MLPClassifier,tanh-lbfgs-invscaling (5-10-5),1.44
MLPClassifier,tanh-lbfgs-invscaling (5-10-10),1.54
MLPClassifier,tanh-lbfgs-invscaling (5-10-15),1.66
MLPClassifier,tanh-lbfgs-invscaling (5-15-5),1.59
MLPClassifier,tanh-lbfgs-invscaling (5-15-10),1.61
MLPClassifier,tanh-lbfgs-invscaling (5-15-15),1.66
MLPClassifier,tanh-lbfgs-invscaling (10-5-5),1.53
MLPClassifier,tanh-lbfgs-invscaling (10-5-10),1.56
MLPClassifier,tanh-lbfgs-invscaling (10-5-15),1.62
MLPClassifier,tanh-lbfgs-invscaling (10-10-5),1.57
MLPClassifier,tanh-lbfgs-invscaling (10-10-10),1.57
MLPClassifier,tanh-lbfgs-invscaling (10-10-15),1.65
MLPClassifier,tanh-lbfgs-invscaling (10-15-5),1.49
MLPClassifier,tanh-lbfgs-invscaling (10-15-10),1.64
MLPClassifier,tanh-lbfgs-invscaling (10-15-15),1.64
MLPClassifier,tanh-lbfgs-invscaling (15-5-5),1.5
MLPClassifier,tanh-lbfgs-invscaling (15-5-10),1.47
MLPClassifier,tanh-lbfgs-invscaling (15-5-15),1.6
MLPClassifier,tanh-lbfgs-invscaling (15-10-5),1.49
MLPClassifier,tanh-lbfgs-invscaling (15-10-10),1.56
MLPClassifier,tanh-lbfgs-invscaling (15-10-15),1.59
MLPClassifier,tanh-lbfgs-invscaling (15-15-5),1.51
MLPClassifier,tanh-lbfgs-invscaling (15-15-10),1.61
MLPClassifier,tanh-lbfgs-invscaling (15-15-15),1.58
MLPClassifier,tanh-lbfgs-adaptive (5-5-5),1.5
MLPClassifier,tanh-lbfgs-adaptive (5-5-10),1.53
MLPClassifier,tanh-lbfgs-adaptive (5-5-15),1.57
MLPClassifier,tanh-lbfgs-adaptive (5-10-5),1.49
MLPClassifier,tanh-lbfgs-adaptive (5-10-10),1.65
MLPClassifier,tanh-lbfgs-adaptive (5-10-15),1.67
MLPClassifier,tanh-lbfgs-adaptive (5-15-5),1.5
MLPClassifier,tanh-lbfgs-adaptive (5-15-10),1.56
MLPClassifier,tanh-lbfgs-adaptive (5-15-15),1.65
MLPClassifier,tanh-lbfgs-adaptive (10-5-5),1.54
MLPClassifier,tanh-lbfgs-adaptive (10-5-10),1.54
MLPClassifier,tanh-lbfgs-adaptive (10-5-15),1.63
MLPClassifier,tanh-lbfgs-adaptive (10-10-5),1.48
MLPClassifier,tanh-lbfgs-adaptive (10-10-10),1.56
MLPClassifier,tanh-lbfgs-adaptive (10-10-15),1.63
MLPClassifier,tanh-lbfgs-adaptive (10-15-5),1.44
MLPClassifier,tanh-lbfgs-adaptive (10-15-10),1.56
MLPClassifier,tanh-lbfgs-adaptive (10-15-15),1.55
MLPClassifier,tanh-lbfgs-adaptive (15-5-5),1.51
MLPClassifier,tanh-lbfgs-adaptive (15-5-10),1.6
MLPClassifier,tanh-lbfgs-adaptive (15-5-15),1.57
MLPClassifier,tanh-lbfgs-adaptive (15-10-5),1.56
MLPClassifier,tanh-lbfgs-adaptive (15-10-10),1.58
MLPClassifier,tanh-lbfgs-adaptive (15-10-15),1.69
MLPClassifier,tanh-lbfgs-adaptive (15-15-5),1.44
MLPClassifier,tanh-lbfgs-adaptive (15-15-10),1.57
MLPClassifier,tanh-lbfgs-adaptive (15-15-15),1.6
MLPClassifier,tanh-sgd-constant (5-5-5),3.91
MLPClassifier,tanh-sgd-constant (5-5-10),3.96
MLPClassifier,tanh-sgd-constant (5-5-15),3.99
MLPClassifier,tanh-sgd-constant (5-10-5),3.96
MLPClassifier,tanh-sgd-constant (5-10-10),3.99
MLPClassifier,tanh-sgd-constant (5-10-15),3.97
MLPClassifier,tanh-sgd-constant (5-15-5),4.0
MLPClassifier,tanh-sgd-constant (5-15-10),3.99
MLPClassifier,tanh-sgd-constant (5-15-15),3.99
MLPClassifier,tanh-sgd-constant (10-5-5),3.93
MLPClassifier,tanh-sgd-constant (10-5-10),3.99
MLPClassifier,tanh-sgd-constant (10-5-15),4.0
MLPClassifier,tanh-sgd-constant (10-10-5),3.9
MLPClassifier,tanh-sgd-constant (10-10-10),3.98
MLPClassifier,tanh-sgd-constant (10-10-15),3.98
MLPClassifier,tanh-sgd-constant (10-15-5),3.94
MLPClassifier,tanh-sgd-constant (10-15-10),3.97
MLPClassifier,tanh-sgd-constant (10-15-15),3.95
MLPClassifier,tanh-sgd-constant (15-5-5),3.97
MLPClassifier,tanh-sgd-constant (15-5-10),3.95
MLPClassifier,tanh-sgd-constant (15-5-15),3.99
MLPClassifier,tanh-sgd-constant (15-10-5),3.92
MLPClassifier,tanh-sgd-constant (15-10-10),3.96
MLPClassifier,tanh-sgd-constant (15-10-15),3.98
MLPClassifier,tanh-sgd-constant (15-15-5),3.96
MLPClassifier,tanh-sgd-constant (15-15-10),3.94
MLPClassifier,tanh-sgd-constant (15-15-15),3.98
MLPClassifier,tanh-sgd-invscaling (5-5-5),1.92
MLPClassifier,tanh-sgd-invscaling (5-5-10),2.12
MLPClassifier,tanh-sgd-invscaling (5-5-15),1.99
MLPClassifier,tanh-sgd-invscaling (5-10-5),1.91
MLPClassifier,tanh-sgd-invscaling (5-10-10),1.98
MLPClassifier,tanh-sgd-invscaling (5-10-15),2.05
MLPClassifier,tanh-sgd-invscaling (5-15-5),1.94
MLPClassifier,tanh-sgd-invscaling (5-15-10),1.88
MLPClassifier,tanh-sgd-invscaling (5-15-15),2.09
MLPClassifier,tanh-sgd-invscaling (10-5-5),1.93
MLPClassifier,tanh-sgd-invscaling (10-5-10),1.89
MLPClassifier,tanh-sgd-invscaling (10-5-15),2.02
MLPClassifier,tanh-sgd-invscaling (10-10-5),2.05
MLPClassifier,tanh-sgd-invscaling (10-10-10),2.02
MLPClassifier,tanh-sgd-invscaling (10-10-15),1.87
MLPClassifier,tanh-sgd-invscaling (10-15-5),1.94
MLPClassifier,tanh-sgd-invscaling (10-15-10),1.99
MLPClassifier,tanh-sgd-invscaling (10-15-15),1.94
MLPClassifier,tanh-sgd-invscaling (15-5-5),1.96
MLPClassifier,tanh-sgd-invscaling (15-5-10),2.12
MLPClassifier,tanh-sgd-invscaling (15-5-15),2.08
MLPClassifier,tanh-sgd-invscaling (15-10-5),2.17
MLPClassifier,tanh-sgd-invscaling (15-10-10),2.05
MLPClassifier,tanh-sgd-invscaling (15-10-15),2.09
MLPClassifier,tanh-sgd-invscaling (15-15-5),2.09
MLPClassifier,tanh-sgd-invscaling (15-15-10),2.03
MLPClassifier,tanh-sgd-invscaling (15-15-15),2.12
MLPClassifier,tanh-sgd-adaptive (5-5-5),3.93
MLPClassifier,tanh-sgd-adaptive (5-5-10),3.98
MLPClassifier,tanh-sgd-adaptive (5-5-15),3.96
MLPClassifier,tanh-sgd-adaptive (5-10-5),3.96
MLPClassifier,tanh-sgd-adaptive (5-10-10),3.98
MLPClassifier,tanh-sgd-adaptive (5-10-15),3.99
MLPClassifier,tanh-sgd-adaptive (5-15-5),3.98
MLPClassifier,tanh-sgd-adaptive (5-15-10),3.98
MLPClassifier,tanh-sgd-adaptive (5-15-15),4.0
MLPClassifier,tanh-sgd-adaptive (10-5-5),3.96
MLPClassifier,tanh-sgd-adaptive (10-5-10),3.98
MLPClassifier,tanh-sgd-adaptive (10-5-15),3.98
MLPClassifier,tanh-sgd-adaptive (10-10-5),3.96
MLPClassifier,tanh-sgd-adaptive (10-10-10),3.95
MLPClassifier,tanh-sgd-adaptive (10-10-15),3.98
MLPClassifier,tanh-sgd-adaptive (10-15-5),3.93
MLPClassifier,tanh-sgd-adaptive (10-15-10),3.96
MLPClassifier,tanh-sgd-adaptive (10-15-15),3.99
MLPClassifier,tanh-sgd-adaptive (15-5-5),3.89
MLPClassifier,tanh-sgd-adaptive (15-5-10),3.99
MLPClassifier,tanh-sgd-adaptive (15-5-15),3.99
MLPClassifier,tanh-sgd-adaptive (15-10-5),3.91
MLPClassifier,tanh-sgd-adaptive (15-10-10),3.97
MLPClassifier,tanh-sgd-adaptive (15-10-15),3.96
MLPClassifier,tanh-sgd-adaptive (15-15-5),3.97
MLPClassifier,tanh-sgd-adaptive (15-15-10),3.96
MLPClassifier,tanh-sgd-adaptive (15-15-15),3.98
MLPClassifier,tanh-adam-constant (5-5-5),2.0
MLPClassifier,tanh-adam-constant (5-5-10),1.74
MLPClassifier,tanh-adam-constant (5-5-15),1.56
MLPClassifier,tanh-adam-constant (5-10-5),1.44
MLPClassifier,tanh-adam-constant (5-10-10),1.17
MLPClassifier,tanh-adam-constant (5-10-15),1.14
MLPClassifier,tanh-adam-constant (5-15-5),1.39
MLPClassifier,tanh-adam-constant (5-15-10),1.24
MLPClassifier,tanh-adam-constant (5-15-15),1.24
MLPClassifier,tanh-adam-constant (10-5-5),1.4
MLPClassifier,tanh-adam-constant (10-5-10),1.18
MLPClassifier,tanh-adam-constant (10-5-15),1.1
MLPClassifier,tanh-adam-constant (10-10-5),1.12
MLPClassifier,tanh-adam-constant (10-10-10),1.05
MLPClassifier,tanh-adam-constant (10-10-15),1.01
MLPClassifier,tanh-adam-constant (10-15-5),1.0
MLPClassifier,tanh-adam-constant (10-15-10),1.02
MLPClassifier,tanh-adam-constant (10-15-15),1.07
MLPClassifier,tanh-adam-constant (15-5-5),1.12
MLPClassifier,tanh-adam-constant (15-5-10),1.05
MLPClassifier,tanh-adam-constant (15-5-15),1.01
MLPClassifier,tanh-adam-constant (15-10-5),1.05
MLPClassifier,tanh-adam-constant (15-10-10),1.02
MLPClassifier,tanh-adam-constant (15-10-15),1.01
MLPClassifier,tanh-adam-constant (15-15-5),0.99
MLPClassifier,tanh-adam-constant (15-15-10),1.0
MLPClassifier,tanh-adam-constant (15-15-15),1.05
MLPClassifier,tanh-adam-invscaling (5-5-5),2.04
MLPClassifier,tanh-adam-invscaling (5-5-10),1.73
MLPClassifier,tanh-adam-invscaling (5-5-15),1.4
MLPClassifier,tanh-adam-invscaling (5-10-5),1.56
MLPClassifier,tanh-adam-invscaling (5-10-10),1.31
MLPClassifier,tanh-adam-invscaling (5-10-15),1.27
MLPClassifier,tanh-adam-invscaling (5-15-5),1.23
MLPClassifier,tanh-adam-invscaling (5-15-10),1.18
MLPClassifier,tanh-adam-invscaling (5-15-15),1.28
MLPClassifier,tanh-adam-invscaling (10-5-5),1.38
MLPClassifier,tanh-adam-invscaling (10-5-10),1.13
MLPClassifier,tanh-adam-invscaling (10-5-15),1.13
MLPClassifier,tanh-adam-invscaling (10-10-5),1.14
MLPClassifier,tanh-adam-invscaling (10-10-10),1.03
MLPClassifier,tanh-adam-invscaling (10-10-15),1.02
MLPClassifier,tanh-adam-invscaling (10-15-5),1.02
MLPClassifier,tanh-adam-invscaling (10-15-10),1.02
MLPClassifier,tanh-adam-invscaling (10-15-15),1.07
MLPClassifier,tanh-adam-invscaling (15-5-5),1.15
MLPClassifier,tanh-adam-invscaling (15-5-10),1.02
MLPClassifier,tanh-adam-invscaling (15-5-15),1.03
MLPClassifier,tanh-adam-invscaling (15-10-5),1.03
MLPClassifier,tanh-adam-invscaling (15-10-10),1.01
MLPClassifier,tanh-adam-invscaling (15-10-15),1.01
MLPClassifier,tanh-adam-invscaling (15-15-5),0.98
MLPClassifier,tanh-adam-invscaling (15-15-10),0.99
MLPClassifier,tanh-adam-invscaling (15-15-15),1.03
MLPClassifier,tanh-adam-adaptive (5-5-5),2.07
MLPClassifier,tanh-adam-adaptive (5-5-10),1.68
MLPClassifier,tanh-adam-adaptive (5-5-15),1.48
MLPClassifier,tanh-adam-adaptive (5-10-5),1.54
MLPClassifier,tanh-adam-adaptive (5-10-10),1.16
MLPClassifier,tanh-adam-adaptive (5-10-15),1.16
MLPClassifier,tanh-adam-adaptive (5-15-5),1.32
MLPClassifier,tanh-adam-adaptive (5-15-10),1.21
MLPClassifier,tanh-adam-adaptive (5-15-15),1.25
MLPClassifier,tanh-adam-adaptive (10-5-5),1.42
MLPClassifier,tanh-adam-adaptive (10-5-10),1.11
MLPClassifier,tanh-adam-adaptive (10-5-15),1.04
MLPClassifier,tanh-adam-adaptive (10-10-5),1.11
MLPClassifier,tanh-adam-adaptive (10-10-10),1.05
MLPClassifier,tanh-adam-adaptive (10-10-15),1.03
MLPClassifier,tanh-adam-adaptive (10-15-5),1.08
MLPClassifier,tanh-adam-adaptive (10-15-10),1.02
MLPClassifier,tanh-adam-adaptive (10-15-15),1.09
MLPClassifier,tanh-adam-adaptive (15-5-5),1.22
MLPClassifier,tanh-adam-adaptive (15-5-10),1.04
MLPClassifier,tanh-adam-adaptive (15-5-15),1.02
MLPClassifier,tanh-adam-adaptive (15-10-5),0.98
MLPClassifier,tanh-adam-adaptive (15-10-10),0.98
MLPClassifier,tanh-adam-adaptive (15-10-15),1.0
MLPClassifier,tanh-adam-adaptive (15-15-5),1.01
MLPClassifier,tanh-adam-adaptive (15-15-10),1.0
MLPClassifier,tanh-adam-adaptive (15-15-15),1.0
MLPClassifier,relu-lbfgs-constant (5-5-5),2.0
MLPClassifier,relu-lbfgs-constant (5-5-10),1.65
MLPClassifier,relu-lbfgs-constant (5-5-15),1.8
MLPClassifier,relu-lbfgs-constant (5-10-5),2.01
MLPClassifier,relu-lbfgs-constant (5-10-10),1.65
MLPClassifier,relu-lbfgs-constant (5-10-15),1.67
MLPClassifier,relu-lbfgs-constant (5-15-5),1.87
MLPClassifier,relu-lbfgs-constant (5-15-10),1.72
MLPClassifier,relu-lbfgs-constant (5-15-15),1.59
MLPClassifier,relu-lbfgs-constant (10-5-5),2.01
MLPClassifier,relu-lbfgs-constant (10-5-10),1.68
MLPClassifier,relu-lbfgs-constant (10-5-15),1.67
MLPClassifier,relu-lbfgs-constant (10-10-5),1.77
MLPClassifier,relu-lbfgs-constant (10-10-10),1.59
MLPClassifier,relu-lbfgs-constant (10-10-15),1.6
MLPClassifier,relu-lbfgs-constant (10-15-5),1.77
MLPClassifier,relu-lbfgs-constant (10-15-10),1.48
MLPClassifier,relu-lbfgs-constant (10-15-15),1.51
MLPClassifier,relu-lbfgs-constant (15-5-5),1.79
MLPClassifier,relu-lbfgs-constant (15-5-10),1.74
MLPClassifier,relu-lbfgs-constant (15-5-15),1.62
MLPClassifier,relu-lbfgs-constant (15-10-5),1.71
MLPClassifier,relu-lbfgs-constant (15-10-10),1.57
MLPClassifier,relu-lbfgs-constant (15-10-15),1.53
MLPClassifier,relu-lbfgs-constant (15-15-5),1.7
MLPClassifier,relu-lbfgs-constant (15-15-10),1.6
MLPClassifier,relu-lbfgs-constant (15-15-15),1.56
MLPClassifier,relu-lbfgs-invscaling (5-5-5),2.03
MLPClassifier,relu-lbfgs-invscaling (5-5-10),1.82
MLPClassifier,relu-lbfgs-invscaling (5-5-15),1.75
MLPClassifier,relu-lbfgs-invscaling (5-10-5),1.87
MLPClassifier,relu-lbfgs-invscaling (5-10-10),1.55
MLPClassifier,relu-lbfgs-invscaling (5-10-15),1.61
MLPClassifier,relu-lbfgs-invscaling (5-15-5),1.9
MLPClassifier,relu-lbfgs-invscaling (5-15-10),1.71
MLPClassifier,relu-lbfgs-invscaling (5-15-15),1.59
MLPClassifier,relu-lbfgs-invscaling (10-5-5),1.88
MLPClassifier,relu-lbfgs-invscaling (10-5-10),1.65
MLPClassifier,relu-lbfgs-invscaling (10-5-15),1.69
MLPClassifier,relu-lbfgs-invscaling (10-10-5),1.75
MLPClassifier,relu-lbfgs-invscaling (10-10-10),1.55
MLPClassifier,relu-lbfgs-invscaling (10-10-15),1.64
MLPClassifier,relu-lbfgs-invscaling (10-15-5),1.81
MLPClassifier,relu-lbfgs-invscaling (10-15-10),1.5
MLPClassifier,relu-lbfgs-invscaling (10-15-15),1.49
MLPClassifier,relu-lbfgs-invscaling (15-5-5),1.74
MLPClassifier,relu-lbfgs-invscaling (15-5-10),1.75
MLPClassifier,relu-lbfgs-invscaling (15-5-15),1.76
MLPClassifier,relu-lbfgs-invscaling (15-10-5),1.76
MLPClassifier,relu-lbfgs-invscaling (15-10-10),1.54
MLPClassifier,relu-lbfgs-invscaling (15-10-15),1.54
MLPClassifier,relu-lbfgs-invscaling (15-15-5),1.77
MLPClassifier,relu-lbfgs-invscaling (15-15-10),1.51
MLPClassifier,relu-lbfgs-invscaling (15-15-15),1.5
MLPClassifier,relu-lbfgs-adaptive (5-5-5),2.03
MLPClassifier,relu-lbfgs-adaptive (5-5-10),1.79
MLPClassifier,relu-lbfgs-adaptive (5-5-15),1.74
MLPClassifier,relu-lbfgs-adaptive (5-10-5),1.96
MLPClassifier,relu-lbfgs-adaptive (5-10-10),1.64
MLPClassifier,relu-lbfgs-adaptive (5-10-15),1.64
MLPClassifier,relu-lbfgs-adaptive (5-15-5),1.88
MLPClassifier,relu-lbfgs-adaptive (5-15-10),1.61
MLPClassifier,relu-lbfgs-adaptive (5-15-15),1.64
MLPClassifier,relu-lbfgs-adaptive (10-5-5),1.88
MLPClassifier,relu-lbfgs-adaptive (10-5-10),1.66
MLPClassifier,relu-lbfgs-adaptive (10-5-15),1.6
MLPClassifier,relu-lbfgs-adaptive (10-10-5),1.81
MLPClassifier,relu-lbfgs-adaptive (10-10-10),1.45
MLPClassifier,relu-lbfgs-adaptive (10-10-15),1.56
MLPClassifier,relu-lbfgs-adaptive (10-15-5),1.77
MLPClassifier,relu-lbfgs-adaptive (10-15-10),1.43
MLPClassifier,relu-lbfgs-adaptive (10-15-15),1.51
MLPClassifier,relu-lbfgs-adaptive (15-5-5),1.92
MLPClassifier,relu-lbfgs-adaptive (15-5-10),1.72
MLPClassifier,relu-lbfgs-adaptive (15-5-15),1.76
MLPClassifier,relu-lbfgs-adaptive (15-10-5),1.8
MLPClassifier,relu-lbfgs-adaptive (15-10-10),1.57
MLPClassifier,relu-lbfgs-adaptive (15-10-15),1.56
MLPClassifier,relu-lbfgs-adaptive (15-15-5),1.72
MLPClassifier,relu-lbfgs-adaptive (15-15-10),1.48
MLPClassifier,relu-lbfgs-adaptive (15-15-15),1.41
MLPClassifier,relu-sgd-constant (5-5-5),3.12
MLPClassifier,relu-sgd-constant (5-5-10),3.51
MLPClassifier,relu-sgd-constant (5-5-15),3.75
MLPClassifier,relu-sgd-constant (5-10-5),3.12
MLPClassifier,relu-sgd-constant (5-10-10),3.52
MLPClassifier,relu-sgd-constant (5-10-15),3.79
MLPClassifier,relu-sgd-constant (5-15-5),3.25
MLPClassifier,relu-sgd-constant (5-15-10),3.61
MLPClassifier,relu-sgd-constant (5-15-15),3.79
MLPClassifier,relu-sgd-constant (10-5-5),3.2
MLPClassifier,relu-sgd-constant (10-5-10),3.47
MLPClassifier,relu-sgd-constant (10-5-15),3.72
MLPClassifier,relu-sgd-constant (10-10-5),3.19
MLPClassifier,relu-sgd-constant (10-10-10),3.55
MLPClassifier,relu-sgd-constant (10-10-15),3.79
MLPClassifier,relu-sgd-constant (10-15-5),3.33
MLPClassifier,relu-sgd-constant (10-15-10),3.55
MLPClassifier,relu-sgd-constant (10-15-15),3.8
MLPClassifier,relu-sgd-constant (15-5-5),3.02
MLPClassifier,relu-sgd-constant (15-5-10),3.59
MLPClassifier,relu-sgd-constant (15-5-15),3.69
MLPClassifier,relu-sgd-constant (15-10-5),3.15
MLPClassifier,relu-sgd-constant (15-10-10),3.55
MLPClassifier,relu-sgd-constant (15-10-15),3.83
MLPClassifier,relu-sgd-constant (15-15-5),3.15
MLPClassifier,relu-sgd-constant (15-15-10),3.66
MLPClassifier,relu-sgd-constant (15-15-15),3.76
MLPClassifier,relu-sgd-invscaling (5-5-5),2.02
MLPClassifier,relu-sgd-invscaling (5-5-10),1.92
MLPClassifier,relu-sgd-invscaling (5-5-15),2.03
MLPClassifier,relu-sgd-invscaling (5-10-5),2.24
MLPClassifier,relu-sgd-invscaling (5-10-10),1.85
MLPClassifier,relu-sgd-invscaling (5-10-15),1.98
MLPClassifier,relu-sgd-invscaling (5-15-5),1.95
MLPClassifier,relu-sgd-invscaling (5-15-10),2.14
MLPClassifier,relu-sgd-invscaling (5-15-15),1.95
MLPClassifier,relu-sgd-invscaling (10-5-5),2.26
MLPClassifier,relu-sgd-invscaling (10-5-10),1.99
MLPClassifier,relu-sgd-invscaling (10-5-15),1.97
MLPClassifier,relu-sgd-invscaling (10-10-5),1.99
MLPClassifier,relu-sgd-invscaling (10-10-10),2.09
MLPClassifier,relu-sgd-invscaling (10-10-15),2.16
MLPClassifier,relu-sgd-invscaling (10-15-5),2.04
MLPClassifier,relu-sgd-invscaling (10-15-10),2.07
MLPClassifier,relu-sgd-invscaling (10-15-15),2.14
MLPClassifier,relu-sgd-invscaling (15-5-5),2.01
MLPClassifier,relu-sgd-invscaling (15-5-10),2.02
MLPClassifier,relu-sgd-invscaling (15-5-15),2.1
MLPClassifier,relu-sgd-invscaling (15-10-5),2.04
MLPClassifier,relu-sgd-invscaling (15-10-10),2.05
MLPClassifier,relu-sgd-invscaling (15-10-15),1.98
MLPClassifier,relu-sgd-invscaling (15-15-5),2.14
MLPClassifier,relu-sgd-invscaling (15-15-10),2.06
MLPClassifier,relu-sgd-invscaling (15-15-15),1.97
MLPClassifier,relu-sgd-adaptive (5-5-5),2.98
MLPClassifier,relu-sgd-adaptive (5-5-10),3.44
MLPClassifier,relu-sgd-adaptive (5-5-15),3.72
MLPClassifier,relu-sgd-adaptive (5-10-5),3.08
MLPClassifier,relu-sgd-adaptive (5-10-10),3.67
MLPClassifier,relu-sgd-adaptive (5-10-15),3.74
MLPClassifier,relu-sgd-adaptive (5-15-5),3.19
MLPClassifier,relu-sgd-adaptive (5-15-10),3.66
MLPClassifier,relu-sgd-adaptive (5-15-15),3.74
MLPClassifier,relu-sgd-adaptive (10-5-5),3.15
MLPClassifier,relu-sgd-adaptive (10-5-10),3.59
MLPClassifier,relu-sgd-adaptive (10-5-15),3.72
MLPClassifier,relu-sgd-adaptive (10-10-5),3.11
MLPClassifier,relu-sgd-adaptive (10-10-10),3.54
MLPClassifier,relu-sgd-adaptive (10-10-15),3.73
MLPClassifier,relu-sgd-adaptive (10-15-5),3.08
MLPClassifier,relu-sgd-adaptive (10-15-10),3.58
MLPClassifier,relu-sgd-adaptive (10-15-15),3.81
MLPClassifier,relu-sgd-adaptive (15-5-5),3.23
MLPClassifier,relu-sgd-adaptive (15-5-10),3.71
MLPClassifier,relu-sgd-adaptive (15-5-15),3.75
MLPClassifier,relu-sgd-adaptive (15-10-5),3.19
MLPClassifier,relu-sgd-adaptive (15-10-10),3.56
MLPClassifier,relu-sgd-adaptive (15-10-15),3.78
MLPClassifier,relu-sgd-adaptive (15-15-5),3.25
MLPClassifier,relu-sgd-adaptive (15-15-10),3.69
MLPClassifier,relu-sgd-adaptive (15-15-15),3.81
MLPClassifier,relu-adam-constant (5-5-5),2.87
MLPClassifier,relu-adam-constant (5-5-10),2.93
MLPClassifier,relu-adam-constant (5-5-15),2.85
MLPClassifier,relu-adam-constant (5-10-5),2.7
MLPClassifier,relu-adam-constant (5-10-10),2.55
MLPClassifier,relu-adam-constant (5-10-15),2.34
MLPClassifier,relu-adam-constant (5-15-5),2.41
MLPClassifier,relu-adam-constant (5-15-10),2.43
MLPClassifier,relu-adam-constant (5-15-15),2.13
MLPClassifier,relu-adam-constant (10-5-5),2.45
MLPClassifier,relu-adam-constant (10-5-10),2.35
MLPClassifier,relu-adam-constant (10-5-15),2.14
MLPClassifier,relu-adam-constant (10-10-5),2.07
MLPClassifier,relu-adam-constant (10-10-10),1.82
MLPClassifier,relu-adam-constant (10-10-15),1.57
MLPClassifier,relu-adam-constant (10-15-5),1.95
MLPClassifier,relu-adam-constant (10-15-10),1.62
MLPClassifier,relu-adam-constant (10-15-15),1.4
MLPClassifier,relu-adam-constant (15-5-5),2.09
MLPClassifier,relu-adam-constant (15-5-10),2.03
MLPClassifier,relu-adam-constant (15-5-15),1.83
MLPClassifier,relu-adam-constant (15-10-5),1.66
MLPClassifier,relu-adam-constant (15-10-10),1.56
MLPClassifier,relu-adam-constant (15-10-15),1.28
MLPClassifier,relu-adam-constant (15-15-5),1.54
MLPClassifier,relu-adam-constant (15-15-10),1.3
MLPClassifier,relu-adam-constant (15-15-15),1.2
MLPClassifier,relu-adam-invscaling (5-5-5),2.7
MLPClassifier,relu-adam-invscaling (5-5-10),2.9
MLPClassifier,relu-adam-invscaling (5-5-15),3.05
MLPClassifier,relu-adam-invscaling (5-10-5),2.78
MLPClassifier,relu-adam-invscaling (5-10-10),2.55
MLPClassifier,relu-adam-invscaling (5-10-15),2.48
MLPClassifier,relu-adam-invscaling (5-15-5),2.47
MLPClassifier,relu-adam-invscaling (5-15-10),2.39
MLPClassifier,relu-adam-invscaling (5-15-15),2.21
MLPClassifier,relu-adam-invscaling (10-5-5),2.36
MLPClassifier,relu-adam-invscaling (10-5-10),2.48
MLPClassifier,relu-adam-invscaling (10-5-15),2.12
MLPClassifier,relu-adam-invscaling (10-10-5),2.09
MLPClassifier,relu-adam-invscaling (10-10-10),1.82
MLPClassifier,relu-adam-invscaling (10-10-15),1.7
MLPClassifier,relu-adam-invscaling (10-15-5),1.97
MLPClassifier,relu-adam-invscaling (10-15-10),1.57
MLPClassifier,relu-adam-invscaling (10-15-15),1.33
MLPClassifier,relu-adam-invscaling (15-5-5),2.08
MLPClassifier,relu-adam-invscaling (15-5-10),1.98
MLPClassifier,relu-adam-invscaling (15-5-15),1.77
MLPClassifier,relu-adam-invscaling (15-10-5),1.88
MLPClassifier,relu-adam-invscaling (15-10-10),1.53
MLPClassifier,relu-adam-invscaling (15-10-15),1.47
MLPClassifier,relu-adam-invscaling (15-15-5),1.57
MLPClassifier,relu-adam-invscaling (15-15-10),1.38
MLPClassifier,relu-adam-invscaling (15-15-15),1.16
MLPClassifier,relu-adam-adaptive (5-5-5),2.82
MLPClassifier,relu-adam-adaptive (5-5-10),2.9
MLPClassifier,relu-adam-adaptive (5-5-15),2.79
MLPClassifier,relu-adam-adaptive (5-10-5),2.68
MLPClassifier,relu-adam-adaptive (5-10-10),2.6
MLPClassifier,relu-adam-adaptive (5-10-15),2.53
MLPClassifier,relu-adam-adaptive (5-15-5),2.49
MLPClassifier,relu-adam-adaptive (5-15-10),2.14
MLPClassifier,relu-adam-adaptive (5-15-15),2.07
MLPClassifier,relu-adam-adaptive (10-5-5),2.33
MLPClassifier,relu-adam-adaptive (10-5-10),2.59
MLPClassifier,relu-adam-adaptive (10-5-15),2.33
MLPClassifier,relu-adam-adaptive (10-10-5),2.05
MLPClassifier,relu-adam-adaptive (10-10-10),1.89
MLPClassifier,relu-adam-adaptive (10-10-15),1.63
MLPClassifier,relu-adam-adaptive (10-15-5),2.0
MLPClassifier,relu-adam-adaptive (10-15-10),1.57
MLPClassifier,relu-adam-adaptive (10-15-15),1.38
MLPClassifier,relu-adam-adaptive (15-5-5),2.19
MLPClassifier,relu-adam-adaptive (15-5-10),1.96
MLPClassifier,relu-adam-adaptive (15-5-15),1.78
MLPClassifier,relu-adam-adaptive (15-10-5),1.84
MLPClassifier,relu-adam-adaptive (15-10-10),1.58
MLPClassifier,relu-adam-adaptive (15-10-15),1.38
MLPClassifier,relu-adam-adaptive (15-15-5),1.59
MLPClassifier,relu-adam-adaptive (15-15-10),1.34
MLPClassifier,relu-adam-adaptive (15-15-15),1.06
